NID,PID
43,54838
44,54839
45,54840
46,54841
47,54842
48,54843
49,54844
50,54845
51,54846
52,54847
53,54848
54,54849
55,54850
56,54851
57,54852
58,54853
59,54854
60,54855
61,54856
62,54857
63,54858
64,54859
65,54860
66,54861
67,54862
68,54863
69,54864
70,54865
71,54866
72,54867
73,54868
74,54869
75,54870
76,54871
77,54872
78,54873
79,54874
80,54875
81,54876
82,54877
83,54878
84,54879
85,54880
86,54881
87,54882
88,54883
89,54884
90,54885
91,54886
92,54887
93,54888
94,54889
95,54890
96,54891
97,54892
98,54893
99,54894
100,54895
101,54896
102,54897
103,54898
104,54899
105,54900
106,54901
107,54902
108,54903
109,54904
110,54905
111,54906
112,54907
113,54908
114,54909
115,54910
116,54911
117,54912
118,54913
119,54914
120,54915
121,54916
122,54917
123,54918
124,54919
125,54920
126,54921
127,54922
128,54923
129,54924
130,54925
131,54926
132,54927
133,54928
134,54929
135,54930
136,54931
137,54932
138,54933
139,54934
140,54935
141,54936
142,54937
143,54938
144,54939
145,54940
146,54941
147,54942
148,54943
149,54944
150,54945
151,54946
152,54947
153,54948
154,54949
155,54950
156,54951
157,54952
158,54953
159,54954
160,54955
248,55047
249,55048
250,55049
251,55050
252,55051
253,55052
254,55053
255,55054
256,55055
257,55056
258,55057
259,55058
260,55059
261,55060
262,55061
263,55062
264,55063
265,55064
266,55065
267,55066
268,55067
269,55068
270,55069
271,55070
272,55071
273,55072
274,55073
275,55074
276,55075
277,55076
278,55077
279,55078
280,55079
281,55080
282,55081
283,55082
284,55083
285,55084
286,55085
287,55086
288,55087
289,55088
290,55089
291,55090
292,55091
293,55092
294,55093
295,55094
296,55095
297,55096
298,55097
299,55098
300,55099
301,55100
302,55101
303,55102
304,55103
305,55104
306,55105
307,55106
308,55107
309,55108
310,55109
311,55110
312,55111
313,55112
314,55113
315,55114
316,55115
317,55116
318,55117
319,55118
320,55119
321,55120
322,55121
323,55122
324,55123
325,55124
326,55125
327,55126
328,55127
329,55128
330,55129
331,55130
332,55131
333,55132
334,55133
335,55134
336,55135
337,55136
338,55137
339,55138
340,55139
341,55140
342,55141
343,55142
344,55143
345,55144
346,55145
347,55146
348,55147
